<?xml version='1.0' standalone='yes'?>
<extension>
  <name>PLUGIN_SQUEEZEPLAYADMIN</name>
  <creator>Erland Isaksson , Schmurtz</creator>
  <defaultState>enabled</defaultState>
  <description>SETUP_PLUGIN_SQUEEZEPLAYADMIN_GROUP_DESC</description>
  <email>erland@isaksson.info</email>
  <homepageURL>http://downloads.isaksson.info/download/do/viewapplication?name=slimserver-squeezeplayadmin</homepageURL>
  <id>B1D9130D-C93A-49EA-A35E-4A4DE575ADE0</id>
  <module>Plugins::SqueezePlayAdminClient::Plugin</module>
  <targetApplication>
    <id>SqueezeCenter</id>
    <maxVersion>8+</maxVersion>
    <minVersion>7.4.0</minVersion>
  </targetApplication>
  <type>2</type>
  <version>0.1.3018</version>
</extension>
